Code,Name,Sector,MarketCap,Close,Volume,Volume Spike,Momentum,RSI,Tier
006220,제주은행,Unknown,530691740280,14040.0,210038.0,0.21,160.0,54.63,Mid Cap
005880,대한해운,Unknown,533824100360,1654.0,1673522.0,0.68,-21.0,34.85,Mid Cap
178920,PI첨단소재,Unknown,530355775320,18060.0,107415.0,0.92,950.0,51.39,Mid Cap
003300,한일홀딩스,Unknown,528167302920,17130.0,17985.0,1.18,440.0,76.32,Mid Cap
456040,OCI,Unknown,515663712000,57600.0,47986.0,1.1,1200.0,46.21,Mid Cap
004690,삼천리,Unknown,519043200000,128000.0,6026.0,0.72,4000.0,42.94,Mid Cap
001060,JW중외제약,Unknown,519276239000,22300.0,48300.0,1.03,1200.0,54.17,Mid Cap
161000,애경케미칼,Unknown,514703341220,10580.0,531772.0,1.48,330.0,57.89,Mid Cap
453340,현대그린푸드,Unknown,506074315320,15420.0,27117.0,0.63,290.0,57.84,Mid Cap
014830,유니드,Unknown,506216480000,74800.0,23513.0,0.97,-3100.0,48.5,Mid Cap
017940,E1,Unknown,503524000000,73400.0,6816.0,0.66,1900.0,31.82,Mid Cap
091810,티웨이항공,Unknown,495617609325,1821.0,0.0,0.0,-15.0,40.57,Mid Cap
009900,명신산업,Unknown,500565068820,9540.0,312741.0,2.35,1310.0,62.96,Mid Cap
034310,NICE,Unknown,503090389100,13550.0,55910.0,1.06,370.0,46.91,Mid Cap
094800,맵스리얼티1,Unknown,484595207820,5220.0,116493.0,1.21,-60.0,71.19,Mid Cap
002710,TCC스틸,Unknown,494128188450,18850.0,259534.0,1.55,2820.0,67.31,Mid Cap
033240,자화전자,Unknown,492787805400,22650.0,101077.0,0.59,1400.0,57.96,Mid Cap
089590,제주항공,Unknown,471749762250,5850.0,129843.0,1.62,-350.0,13.98,Mid Cap
009410,태영건설,Unknown,482050004220,1620.0,122548.0,0.54,32.0,48.57,Mid Cap
058650,세아홀딩스,Unknown,482000000000,120500.0,730.0,0.56,3800.0,42.6,Mid Cap
183190,아세아시멘트,Unknown,469075431200,12560.0,71441.0,0.76,330.0,48.96,Mid Cap
007810,코리아써키트,Unknown,452809796670,19170.0,954840.0,0.95,600.0,56.61,Mid Cap
002240,고려제강,Unknown,467640000000,17320.0,19240.0,0.68,370.0,42.62,Mid Cap
016590,신대양제지,Unknown,447708780200,11110.0,51835.0,1.69,-160.0,51.19,Mid Cap
460860,동국제강,Unknown,430101507390,8670.0,238845.0,1.31,-190.0,27.14,Mid Cap
072710,농심홀딩스,Unknown,441053829000,95100.0,63488.0,0.25,2400.0,26.88,Mid Cap
005610,SPC삼립,Unknown,447845567100,51900.0,3674.0,0.56,1200.0,29.09,Mid Cap
192650,드림텍,Unknown,435385059120,6320.0,107490.0,1.09,160.0,42.37,Mid Cap
016610,DB증권,Unknown,425737281670,10030.0,272484.0,1.99,880.0,55.25,Mid Cap
344820,KCC글라스,Unknown,428009721600,26800.0,53896.0,1.23,150.0,28.77,Mid Cap
029530,신도리코,Unknown,437977260050,43450.0,12517.0,1.37,-100.0,52.45,Mid Cap
170900,동아에스티,Unknown,426012979750,45550.0,7299.0,0.54,1050.0,27.42,Mid Cap
357120,코람코라이프인프라리츠,Unknown,420975406050,4325.0,169223.0,1.17,-80.0,37.78,Mid Cap
105630,한세실업,Unknown,421600000000,10540.0,60487.0,0.47,430.0,41.32,Mid Cap
026890,스틱인베스트먼트,Unknown,420949567500,10100.0,122250.0,1.5,-150.0,36.56,Mid Cap
005389,현대차3우B,Unknown,422199792800,181400.0,22946.0,1.42,15800.0,86.43,Mid Cap
037270,YG PLUS,Unknown,417630001600,6560.0,938064.0,0.56,-850.0,5.41,Mid Cap
024720,콜마홀딩스,Unknown,410526220230,11970.0,160064.0,0.84,-110.0,30.97,Mid Cap
448730,삼성FN리츠,Unknown,404717250000,4445.0,68850.0,0.71,35.0,88.0,Mid Cap
432320,KB스타리츠,Unknown,403121782875,3975.0,96940.0,1.28,-10.0,54.29,Mid Cap
003280,흥아해운,Unknown,399345757239,1661.0,2916228.0,0.26,-54.0,52.96,Mid Cap
004700,조광피혁,Unknown,402272849000,60500.0,3197.0,0.52,-1400.0,28.28,Mid Cap
130660,한전산업,Unknown,398372000000,12220.0,112323.0,0.68,330.0,53.66,Mid Cap
090435,아모레퍼시픽우,Unknown,424424766000,40200.0,31950.0,1.7,650.0,37.5,Mid Cap
017860,DS단석,Unknown,388611085200,22100.0,124071.0,1.34,1500.0,54.43,Mid Cap
018250,애경산업,Unknown,397733621100,15060.0,55322.0,1.14,130.0,53.23,Mid Cap
272450,진에어,Unknown,393066000000,7530.0,87722.0,1.38,-130.0,15.0,Mid Cap
001530,DI동일,Unknown,386693888000,19600.0,55031.0,0.17,800.0,25.48,Mid Cap
403550,쏘카,Unknown,383921834380,11690.0,4252.0,0.71,190.0,28.35,Mid Cap
011930,신성이엔지,Unknown,382671712709,1859.0,4652924.0,0.82,74.0,50.6,Mid Cap
060980,HL홀딩스,Unknown,374527840050,40650.0,22706.0,0.93,-650.0,56.52,Mid Cap
003960,사조대림,Unknown,379867157150,41450.0,101600.0,4.07,3700.0,56.85,Mid Cap
006110,삼아알미늄,Unknown,371475879000,25250.0,95788.0,1.12,4750.0,67.09,Mid Cap
475560,더본코리아,Unknown,369416000000,25000.0,19772.0,1.1,-500.0,20.63,Mid Cap
034120,SBS,Unknown,371952321900,20050.0,32599.0,0.74,1140.0,43.67,Mid Cap
001200,유진투자증권,Unknown,370514048850,3825.0,1330844.0,1.28,240.0,58.89,Mid Cap
000157,두산2우B,Unknown,373289884000,418000.0,2803.0,0.95,36000.0,71.43,Mid Cap
104700,한국철강,Unknown,368874000000,10120.0,22146.0,0.74,-10.0,41.25,Mid Cap
027410,BGF,Unknown,369466813260,3860.0,75995.0,0.98,-45.0,34.44,Mid Cap
003000,부광약품,Unknown,359632725795,3645.0,320236.0,0.53,75.0,45.0,Mid Cap
015360,INVENI,Unknown,361200000000,60200.0,9422.0,1.39,-1400.0,25.71,Mid Cap
001940,KISCO홀딩스,Unknown,357953595000,25250.0,11435.0,0.72,450.0,27.71,Mid Cap
126560,현대퓨처넷,Unknown,358159571250,3250.0,86095.0,1.21,-15.0,54.55,Mid Cap
029460,케이씨,Unknown,365844421950,27650.0,32894.0,0.36,-1150.0,53.71,Mid Cap
003520,영진약품,Unknown,359201323684,1964.0,181633.0,0.76,-11.0,38.94,Mid Cap
306200,세아제강,Unknown,358508320000,126400.0,4235.0,0.64,2300.0,48.68,Mid Cap
241590,화승엔터프라이즈,Unknown,352629586320,5820.0,94159.0,0.49,270.0,27.14,Mid Cap
005945,NH투자증권우,Unknown,356661295200,18900.0,168659.0,2.67,1340.0,62.18,Mid Cap
001390,KG케미칼,Unknown,349876794400,5110.0,231297.0,0.71,40.0,52.42,Mid Cap
084010,대한제강,Unknown,350045235150,14950.0,21181.0,1.65,-500.0,9.83,Mid Cap
001820,삼화콘덴서,Unknown,351351000000,33800.0,160000.0,0.74,-1150.0,52.55,Mid Cap
006390,한일현대시멘트,Unknown,343839284880,17790.0,33017.0,1.07,90.0,25.27,Mid Cap
031430,신세계인터내셔날,Unknown,345301110000,9770.0,229067.0,3.09,-190.0,17.24,Mid Cap
020000,한섬,Unknown,339483112110,15130.0,99464.0,1.6,-170.0,41.31,Mid Cap
105840,우진,Unknown,336291205500,16650.0,1169504.0,0.3,850.0,58.54,Mid Cap
001510,SK증권,Unknown,335539021410,710.0,7894877.0,2.01,51.0,55.47,Mid Cap
003920,남양유업,Unknown,331800000000,55300.0,3505.0,0.7,2100.0,34.48,Mid Cap
025860,남해화학,Unknown,339803286120,6840.0,92029.0,1.44,250.0,40.78,Mid Cap
084690,대상홀딩스,Unknown,330620471940,9130.0,83808.0,0.73,240.0,38.92,Mid Cap
200880,서연이화,Unknown,332179490730,12290.0,218567.0,1.87,1400.0,70.51,Mid Cap
005090,SGC에너지,Unknown,331414659000,23000.0,17552.0,1.11,100.0,40.62,Mid Cap
900140,엘브이엠씨홀딩스,Unknown,330054657856,1708.0,541502.0,1.02,8.0,55.14,Mid Cap
034830,한국토지신탁,Unknown,327983509770,1299.0,547289.0,0.72,-37.0,28.38,Mid Cap
002310,아세아제지,Unknown,320570327000,7700.0,108716.0,0.88,60.0,35.51,Mid Cap
000320,노루홀딩스,Unknown,323639526850,24350.0,16979.0,0.35,-50.0,16.28,Mid Cap
017390,서울가스,Unknown,318000000000,63600.0,10000.0,1.39,2300.0,54.22,Mid Cap
007690,국도화학,Unknown,325981286400,35200.0,11183.0,0.79,1100.0,30.95,Mid Cap
138490,코오롱ENP,Unknown,316920000000,8340.0,104870.0,1.1,840.0,80.98,Mid Cap
286940,롯데이노베이트,Unknown,313934365250,20750.0,11612.0,0.56,-150.0,33.85,Mid Cap
003120,일성아이에스,Unknown,316540000000,23800.0,3740.0,0.51,-100.0,41.98,Mid Cap
013890,지누스,Unknown,313121884320,14070.0,63168.0,0.73,-1140.0,23.44,Mid Cap
016880,웅진,Unknown,311715612000,3900.0,405898.0,0.41,5.0,23.83,Mid Cap
008060,대덕,Unknown,311450478500,9190.0,63179.0,0.42,50.0,64.11,Mid Cap
009160,SIMPAC,Unknown,310790201000,4750.0,77000.0,0.87,-60.0,63.68,Mid Cap
015860,일진홀딩스,Unknown,309902193240,6280.0,187319.0,1.12,330.0,73.65,Mid Cap
092790,넥스틸,Unknown,309423800000,11900.0,204280.0,0.85,400.0,39.39,Mid Cap
033270,유나이티드제약,Unknown,306912515380,18790.0,29524.0,0.72,70.0,31.17,Mid Cap
010690,화신,Unknown,303807567000,8700.0,565724.0,2.07,940.0,67.88,Mid Cap
377190,디앤디플랫폼리츠,Unknown,301444000000,3410.0,107631.0,0.99,30.0,47.22,Mid Cap
126720,수산인더스트리,Unknown,300006000000,21000.0,19966.0,0.58,-450.0,41.05,Mid Cap
012030,DB,Unknown,297737420840,1480.0,258051.0,0.26,-73.0,33.23,Mid Cap
088260,이리츠코크렙,Unknown,298338888900,4710.0,46518.0,1.14,25.0,52.38,Mid Cap
005720,넥센,Unknown,297169072350,5550.0,11505.0,0.21,150.0,33.57,Mid Cap
002320,한진,Unknown,297539745300,19530.0,21602.0,1.08,-210.0,39.26,Mid Cap
011760,현대코퍼레이션,Unknown,296328838400,22400.0,51175.0,1.25,1550.0,53.25,Mid Cap
008490,서흥,Unknown,295012381500,25500.0,36992.0,0.55,-450.0,46.1,Mid Cap
092230,KPX홀딩스,Unknown,293612897000,69500.0,2381.0,1.4,2500.0,56.45,Mid Cap
009290,광동제약,Unknown,296177808150,5650.0,56625.0,0.21,50.0,28.33,Mid Cap
035150,백산,Unknown,293187459320,13960.0,43844.0,0.87,-30.0,47.3,Mid Cap
194370,제이에스코퍼레이션,Unknown,284944563560,9820.0,60822.0,0.44,-310.0,28.32,Mid Cap
003220,대원제약,Unknown,293352785640,13080.0,27395.0,0.78,80.0,42.98,Mid Cap
009680,모토닉,Unknown,295086000000,10520.0,57165.0,1.31,510.0,58.7,Mid Cap
010580,에스엠벡셀,Unknown,282023211600,2535.0,14734261.0,2.19,485.0,68.62,Mid Cap
002900,TYM,Unknown,281568475000,6250.0,522383.0,1.43,690.0,67.42,Mid Cap
002810,삼영무역,Unknown,284206329720,15390.0,21410.0,1.15,440.0,39.47,Mid Cap
417310,코람코더원리츠,Unknown,277548000000,6870.0,132897.0,0.52,290.0,65.45,Mid Cap
000680,LS네트웍스,Unknown,272658435360,3460.0,236744.0,1.18,-125.0,23.97,Mid Cap
005500,삼진제약,Unknown,272023000000,19570.0,16149.0,0.28,310.0,48.05,Mid Cap
123890,한국자산신탁,Unknown,275953203130,2255.0,169724.0,0.65,20.0,35.71,Mid Cap
001340,PKC,Unknown,270408810140,6020.0,129947.0,1.6,250.0,65.96,Mid Cap
009155,삼성전기우,Unknown,270349512000,93000.0,24711.0,0.75,1000.0,51.15,Mid Cap
122900,아이마켓코리아,Unknown,267430720000,8000.0,38428.0,1.08,-60.0,31.58,Mid Cap
000490,대동,Unknown,264982286320,10040.0,205286.0,1.72,520.0,60.0,Mid Cap
004360,세방,Unknown,261310293010,13670.0,40439.0,0.9,130.0,33.06,Mid Cap
078520,에이블씨엔씨,Unknown,264303875760,10160.0,163955.0,0.5,-630.0,23.04,Mid Cap
006405,삼성SDI우,Unknown,255303988800,157800.0,24636.0,2.36,30200.0,72.56,Mid Cap
003200,일신방직,Unknown,253019200000,11020.0,45136.0,0.91,820.0,61.68,Mid Cap
108670,LX하우시스,Unknown,253785061000,28300.0,32699.0,1.19,550.0,39.53,Mid Cap
001790,대한제당,Unknown,256980701700,2865.0,226184.0,0.79,45.0,39.19,Mid Cap
226320,잇츠한불,Unknown,252187122500,11500.0,20836.0,1.07,-150.0,23.04,Mid Cap
000540,흥국화재,Unknown,250546315500,3900.0,90348.0,1.11,65.0,34.34,Mid Cap
136490,선진,Unknown,251588210320,10580.0,45038.0,0.34,30.0,31.9,Mid Cap
007570,일양약품,Unknown,249067915200,13050.0,0.0,,0.0,,Mid Cap
051905,LG생활건강우,Unknown,244614700500,116500.0,9614.0,1.23,2500.0,57.94,Mid Cap
001750,한양증권,Unknown,243242284740,19110.0,173942.0,4.35,1690.0,58.29,Mid Cap
003350,한국화장품제조,Unknown,242008800000,53400.0,19891.0,0.73,-300.0,23.23,Mid Cap
037710,광주신세계,Unknown,240307138000,30200.0,32172.0,2.54,100.0,42.86,Mid Cap
011500,한농화성,Unknown,237995779240,15220.0,219605.0,2.05,980.0,60.59,Mid Cap
096760,JW홀딩스,Unknown,239516812080,3240.0,60482.0,1.1,75.0,36.84,Mid Cap
001130,대한제분,Unknown,236262000000,139800.0,4542.0,1.76,-1200.0,20.13,Mid Cap
000430,대원강업,Unknown,236840000000,3820.0,92739.0,1.32,215.0,51.2,Mid Cap
007160,사조산업,Unknown,236500000000,47300.0,9599.0,1.4,1350.0,42.47,Mid Cap
210980,SK디앤디,Unknown,236254577580,12690.0,99184.0,0.35,10.0,88.22,Mid Cap
009470,삼화전기,Unknown,236113374000,35700.0,87850.0,0.45,-5000.0,33.21,Mid Cap
001520,동양,Unknown,236058538307,989.0,29331274.0,0.55,217.0,65.43,Mid Cap
006340,대원전선,Unknown,235434609500,3140.0,1060919.0,0.57,-120.0,56.63,Mid Cap
053210,스카이라이프,Unknown,234050553375,4925.0,24498.0,0.81,-20.0,18.37,Mid Cap
035510,신세계 I&C,Unknown,234879120000,16800.0,3531430.0,10.61,2660.0,65.81,Mid Cap
025000,KPX케미칼,Unknown,234256000000,48400.0,4986.0,0.84,-900.0,28.99,Mid Cap
001230,동국홀딩스,Unknown,232779535560,7320.0,26525.0,0.61,220.0,41.28,Mid Cap
001630,종근당홀딩스,Unknown,232708043450,46450.0,6723.0,0.93,-150.0,27.43,Mid Cap
004980,성신양회,Unknown,233638175690,9530.0,31023.0,0.46,-90.0,32.14,Mid Cap
005010,휴스틸,Unknown,231775809375,4125.0,213944.0,0.97,120.0,53.38,Mid Cap
001460,BYC,Unknown,232044472500,37150.0,1622.0,0.68,-50.0,27.88,Mid Cap
272550,삼양패키징,Unknown,228431467900,14900.0,36763.0,0.31,250.0,73.98,Mid Cap
004430,송원산업,Unknown,231600000000,9650.0,18117.0,0.52,270.0,35.25,Mid Cap
058430,포스코스틸리온,Unknown,231000000000,38500.0,12126.0,1.53,2200.0,62.73,Mid Cap
487570,HS효성,Unknown,224300805400,60200.0,8599.0,0.53,4200.0,38.67,Mid Cap
000140,하이트진로홀딩스,Unknown,227890432300,9820.0,25080.0,0.79,210.0,38.71,Mid Cap
030210,다올투자증권,Unknown,225980203260,3710.0,154851.0,1.08,260.0,57.67,Mid Cap
010820,퍼스텍,Unknown,224350914800,4600.0,837829.0,0.83,-60.0,51.16,Mid Cap
053690,한미글로벌,Unknown,227917040000,20800.0,82259.0,0.41,-950.0,47.06,Mid Cap
214420,토니모리,Unknown,222025794770,9230.0,184922.0,0.61,-810.0,30.68,Mid Cap
000480,CR홀딩스,Unknown,224136542200,4780.0,11820.0,0.06,-20.0,31.11,Mid Cap
007860,서연,Unknown,217658153880,9270.0,29043.0,0.73,600.0,51.43,Mid Cap
005680,삼영전자,Unknown,219000000000,10950.0,94619.0,2.91,410.0,53.95,Mid Cap
081000,일진다이아,Unknown,216879428250,15270.0,339173.0,0.74,1300.0,74.06,Mid Cap
044450,KSS해운,Unknown,215852978000,9350.0,36280.0,0.56,370.0,58.21,Mid Cap
117580,대성에너지,Unknown,223025000000,8110.0,35715.0,0.95,90.0,46.27,Mid Cap
334890,이지스밸류플러스리츠,Unknown,214776483075,4175.0,242167.0,1.64,-90.0,55.29,Mid Cap
006060,화승인더,Unknown,215748000000,3900.0,102658.0,0.72,145.0,43.18,Mid Cap
033920,무학,Unknown,215460000000,7560.0,373845.0,6.73,-430.0,8.99,Mid Cap
001045,CJ우,Unknown,215173229600,95200.0,6271.0,0.79,3800.0,35.92,Mid Cap
298690,에어부산,Unknown,213217920000,1828.0,375943.0,2.25,-43.0,5.0,Mid Cap
339770,교촌에프앤비,Unknown,212601415400,4255.0,85597.0,1.17,0.0,30.71,Mid Cap
271980,제일약품,Unknown,213367692720,14510.0,20603.0,0.12,-1030.0,49.92,Mid Cap
039570,HDC랩스,Unknown,212333176180,8180.0,18513.0,1.38,-90.0,22.86,Mid Cap
004710,한솔테크닉스,Unknown,211282997240,6580.0,309458.0,0.46,300.0,63.93,Mid Cap
293480,하나제약,Unknown,210964869020,11870.0,12209.0,0.64,160.0,30.19,Mid Cap
001080,만호제강,Unknown,211235000000,50900.0,11003.0,0.25,1700.0,77.7,Mid Cap
008970,KBI동양철관,Unknown,209340376340,2620.0,5633140.0,1.76,155.0,56.49,Mid Cap
002150,도화엔지니어링,Unknown,210750000000,6250.0,20800.0,0.51,10.0,46.77,Mid Cap
004380,삼익THK,Unknown,209160000000,9960.0,0.0,,0.0,,Mid Cap
452260,한화갤러리아,Unknown,208399080750,1075.0,459763.0,1.08,-20.0,14.52,Mid Cap
000520,삼일제약,Unknown,208458303710,9610.0,165833.0,0.96,-250.0,14.66,Mid Cap
033530,SJG세종,Unknown,208657207500,7500.0,2791079.0,7.77,1650.0,64.81,Mid Cap
084680,이월드,Unknown,208455103710,1470.0,78525.0,0.53,7.0,44.81,Mid Cap
102460,이연제약,Unknown,206871206430,11130.0,19264.0,1.01,-160.0,39.92,Mid Cap
102260,동성케미컬,Unknown,206477494965,4115.0,51446.0,0.66,40.0,42.71,Mid Cap
028100,동아지질,Unknown,206064435780,15390.0,26990.0,1.42,420.0,52.63,Mid Cap
003610,방림,Unknown,205433027380,5110.0,121118.0,1.16,90.0,57.14,Mid Cap
003547,대신증권2우B,Unknown,204500000000,20450.0,65177.0,1.9,1030.0,62.6,Mid Cap
001250,GS글로벌,Unknown,205096403540,2485.0,291344.0,0.81,15.0,37.74,Mid Cap
037560,LG헬로비전,Unknown,202523551975,2615.0,90999.0,0.68,35.0,31.4,Mid Cap
092200,디아이씨,Unknown,202998330180,5220.0,3497283.0,4.26,495.0,72.24,Mid Cap
234080,JW생명과학,Unknown,199040343780,12570.0,32135.0,0.72,20.0,56.96,Mid Cap
001780,알루코,Unknown,201406674560,2080.0,316562.0,1.19,80.0,45.1,Mid Cap
007460,에이프로젠,Unknown,198638237824,608.0,1396030.0,0.63,-19.0,18.18,Mid Cap
213500,한솔제지,Unknown,198734809600,8350.0,23668.0,0.33,60.0,35.48,Mid Cap
404990,신한서부티엔디리츠,Unknown,196721273070,3415.0,85147.0,0.97,0.0,53.7,Mid Cap
016580,환인제약,Unknown,197160742000,10600.0,30620.0,0.72,-220.0,32.14,Mid Cap
02826K,삼성물산우B,Unknown,196950578000,134200.0,5091.0,0.61,3100.0,55.71,Mid Cap
005430,한국공항,Unknown,195997374500,61900.0,4168.0,0.4,-1700.0,33.13,Mid Cap
014280,금강공업,Unknown,195040224050,6650.0,36108054.0,14.46,1845.0,85.26,Mid Cap
134380,미원화학,Unknown,195734852000,89000.0,2640.0,2.03,4300.0,55.56,Mid Cap
003555,LG우,Unknown,191211136500,63500.0,11792.0,2.29,1900.0,59.26,Mid Cap
002100,경농,Unknown,189173751750,9690.0,27868.0,1.36,140.0,46.51,Mid Cap
070960,모나용평,Unknown,193255331995,4015.0,174235.0,1.41,165.0,42.79,Mid Cap
009270,신원,Unknown,194701464320,1760.0,4732917.0,3.26,139.0,46.87,Mid Cap
400760,NH올원리츠,Unknown,185935595875,3385.0,122824.0,0.66,-10.0,60.53,Mid Cap
003650,미창석유,Unknown,186666805600,107300.0,526.0,0.54,800.0,47.59,Mid Cap
000050,경방,Unknown,187246294100,6830.0,35074.0,1.56,80.0,31.76,Mid Cap
128820,대성산업,Unknown,188631943260,4170.0,99946.0,0.47,35.0,41.23,Mid Cap
101530,해태제과식품,Unknown,188677006560,6480.0,25401.0,0.74,-50.0,25.4,Mid Cap
011000,진원생명과학,Unknown,185766610800,2175.0,310545.0,0.59,5.0,26.44,Mid Cap
095570,AJ네트웍스,Unknown,184631256720,4080.0,71677.0,0.32,-65.0,27.46,Mid Cap
011785,금호석유화학우,Unknown,182316205800,60300.0,9250.0,1.37,2400.0,67.01,Mid Cap
100250,진양홀딩스,Unknown,181659699000,3250.0,38819.0,0.66,10.0,56.25,Mid Cap
036420,콘텐트리중앙,Unknown,182414056760,9470.0,43079.0,0.84,-520.0,18.37,Mid Cap
097955,CJ제일제당 우,Unknown,181460091100,136700.0,7491.0,1.33,-900.0,30.1,Mid Cap
015230,대창단조,Unknown,180862215900,6330.0,73551.0,0.88,310.0,55.65,Mid Cap
071840,롯데하이마트,Unknown,180598996800,7650.0,15932.0,0.55,150.0,33.83,Mid Cap
462520,조선내화,Unknown,179605795200,15150.0,13252.0,0.08,0.0,58.54,Mid Cap
004090,한국석유,Unknown,178733209600,14080.0,42869.0,0.43,160.0,49.12,Mid Cap
090350,노루페인트,Unknown,177200000000,8860.0,118774.0,1.76,-160.0,31.29,Mid Cap
095720,웅진씽크빅,Unknown,175453591215,1519.0,107209.0,0.81,-34.0,16.33,Mid Cap
018470,조일알미늄,Unknown,178550726610,1410.0,445309.0,1.11,69.0,53.69,Mid Cap
004560,현대비앤지스틸,Unknown,174914207600,11600.0,24424.0,0.42,-260.0,54.95,Mid Cap
013580,계룡건설,Unknown,174152686500,19500.0,50893.0,0.93,210.0,41.1,Mid Cap
019680,대교,Unknown,172793814000,2040.0,16559.0,0.34,-15.0,29.23,Mid Cap
092220,KEC,Unknown,169243327863,843.0,1019479.0,0.59,-74.0,48.21,Mid Cap
003070,코오롱글로벌,Unknown,172287688300,9100.0,6683.0,0.55,130.0,51.02,Mid Cap
009070,KCTC,Unknown,169200000000,5640.0,214498.0,0.78,50.0,52.86,Mid Cap
083420,그린케미칼,Unknown,169200000000,7050.0,62244.0,1.13,180.0,28.57,Mid Cap
010955,S-Oil우,Unknown,165301199700,41100.0,15682.0,0.92,1000.0,69.66,Mid Cap
007110,일신석재,Unknown,164595296250,2125.0,2869992.0,1.08,120.0,44.08,Mid Cap
000020,동화약품,Unknown,172337169900,6170.0,34598.0,0.62,-80.0,28.33,Mid Cap
069460,대호에이엘,Unknown,164565989280,1890.0,760016.0,1.06,-20.0,84.74,Mid Cap
025820,이구산업,Unknown,164367430000,4915.0,207567.0,0.33,-15.0,61.09,Mid Cap
009580,무림P&P,Unknown,164340533740,2635.0,79600.0,1.28,80.0,57.63,Mid Cap
008040,사조동아원,Unknown,163163157600,1156.0,472807.0,0.1,-32.0,15.0,Mid Cap
006805,미래에셋증권우,Unknown,162856427500,11570.0,432022.0,3.74,1310.0,65.31,Mid Cap
016450,한세예스24홀딩스,Unknown,163800000000,4095.0,37797.0,0.84,70.0,45.83,Mid Cap
000300,DH오토넥스,Unknown,162944308992,1984.0,0.0,,0.0,,Mid Cap
000390,삼화페인트,Unknown,161588605860,5940.0,25240.0,0.61,10.0,36.73,Mid Cap
460850,동국씨엠,Unknown,161751728960,5410.0,43388.0,1.09,240.0,39.34,Mid Cap
107590,미원홀딩스,Unknown,162632000000,70100.0,141.0,0.49,1000.0,23.64,Mid Cap
002390,한독,Unknown,159656982800,11600.0,10072.0,0.69,-150.0,45.71,Mid Cap
068290,삼성출판사,Unknown,161500000000,16150.0,7226.0,0.28,-150.0,44.33,Mid Cap
003460,유화증권,Unknown,158766762000,2800.0,89342.0,1.58,105.0,56.52,Mid Cap
123690,한국화장품,Unknown,160197960000,9970.0,97950.0,0.44,-30.0,37.8,Mid Cap
002170,삼양통상,Unknown,157800000000,52600.0,1828.0,1.95,-1000.0,18.18,Mid Cap
008110,대동전자,Unknown,157776322880,15040.0,0.0,,0.0,,Mid Cap
000860,강남제비스코,Unknown,157170000000,12090.0,15686.0,0.8,270.0,47.9,Mid Cap
000970,한국주철관,Unknown,157095445000,6890.0,34894.0,1.12,210.0,41.67,Mid Cap
005950,이수화학,Unknown,154609713720,5880.0,74115.0,1.89,680.0,62.39,Mid Cap
003720,삼영,Unknown,153850000000,4525.0,183086.0,0.87,-250.0,27.18,Mid Cap
027970,한국제지,Unknown,152522946074,802.0,65160.0,0.82,8.0,45.24,Mid Cap
014710,사조씨푸드,Unknown,153072847270,8890.0,15781.0,0.48,-390.0,53.23,Mid Cap
077500,유니퀘스트,Unknown,152064718080,7040.0,274495.0,0.48,-580.0,46.53,Mid Cap
007540,샘표,Unknown,150691920000,52400.0,197791.0,1.64,2550.0,63.18,Mid Cap
244920,에이플러스에셋,Unknown,150341158450,6650.0,67641.0,0.62,-230.0,35.74,Mid Cap
015890,태경산업,Unknown,150235775000,5140.0,45990.0,1.01,-10.0,43.48,Mid Cap
298000,효성화학,Unknown,147501447900,38900.0,0.0,,0.0,,Mid Cap
004250,NPC,Unknown,150184800000,4090.0,33189.0,1.14,70.0,42.03,Mid Cap
031440,신세계푸드,Unknown,148122360000,38250.0,37187.0,2.16,1100.0,30.59,Mid Cap
000700,유수홀딩스,Unknown,147136237800,5650.0,5306.0,0.62,70.0,25.0,Mid Cap
003480,한진중공업홀딩스,Unknown,145877271280,4940.0,65286.0,0.35,115.0,30.58,Mid Cap
00279K,아모레퍼시픽홀딩스3우C,Unknown,145744710000,20550.0,5728.0,1.1,-300.0,30.77,Mid Cap
001360,삼성제약,Unknown,145574574134,1546.0,233400.0,1.06,-28.0,16.58,Mid Cap
003830,대한화섬,Unknown,146611200000,110400.0,136.0,0.65,1300.0,27.03,Mid Cap
094280,효성ITX,Unknown,146789140000,12700.0,7292.0,0.72,10.0,38.53,Mid Cap
008350,남선알미늄,Unknown,145213976250,1125.0,372521.0,0.65,30.0,50.0,Mid Cap
044820,코스맥스비티아이,Unknown,145115246310,15110.0,92566.0,2.79,-1320.0,23.31,Mid Cap
020120,키다리스튜디오,Unknown,144178049740,3890.0,40595.0,0.1,-140.0,25.15,Mid Cap
004970,신라교역,Unknown,144000000000,9000.0,16235.0,1.57,-90.0,30.34,Mid Cap
035000,HS애드,Unknown,144302132390,8710.0,13915.0,0.6,-10.0,27.93,Mid Cap
350520,이지스레지던스리츠,Unknown,142672201740,3870.0,56291.0,0.9,35.0,41.82,Mid Cap
214390,경보제약,Unknown,143441160000,6000.0,25315.0,0.23,-150.0,45.27,Mid Cap
079430,현대리바트,Unknown,142720209900,6950.0,27551.0,0.87,-20.0,27.69,Mid Cap
078000,텔코웨어,Unknown,142204785030,15390.0,21912.0,0.08,360.0,23.96,Mid Cap
214330,금호에이치티,Unknown,138241487340,634.0,602443.0,1.09,32.0,71.59,Mid Cap
363280,티와이홀딩스,Unknown,138428340660,2745.0,50187.0,0.71,-70.0,36.36,Mid Cap
014580,태경비케이,Unknown,137363838000,4980.0,138802.0,0.84,40.0,57.58,Mid Cap
033180,KH 필룩스,Unknown,138166306200,5310.0,0.0,,0.0,,Mid Cap
016710,대성홀딩스,Unknown,136277717730,8470.0,15457.0,0.93,250.0,41.38,Mid Cap
004140,동방,Unknown,140077556720,2920.0,411516.0,0.77,-45.0,38.68,Mid Cap
210540,디와이파워,Unknown,135702591320,12290.0,28694.0,0.84,290.0,43.68,Mid Cap
024090,디씨엠,Unknown,136002000000,11930.0,1895.0,0.19,310.0,46.05,Mid Cap
019440,세아특수강,Unknown,134891800000,15740.0,9403.0,0.83,440.0,46.71,Mid Cap
006840,AK홀딩스,Unknown,134197792930,10130.0,18664.0,1.52,380.0,33.8,Mid Cap
025620,제이준코스메틱,Unknown,132828571920,16540.0,394309.0,0.69,3990.0,77.86,Mid Cap
004150,한솔홀딩스,Unknown,132105716400,3220.0,40329.0,0.56,30.0,44.12,Mid Cap
012320,경동인베스트,Unknown,131495278800,55600.0,8714.0,0.45,-1200.0,36.26,Mid Cap
002990,금호건설,Unknown,131523481800,3555.0,63861.0,0.73,-120.0,32.41,Mid Cap
004080,신흥,Unknown,134425000000,14150.0,8508.0,2.66,350.0,63.54,Mid Cap
139990,아주스틸,Unknown,131380853460,3390.0,33891.0,1.17,-110.0,0.0,Mid Cap
002620,제일파마홀딩스,Unknown,131620445200,8240.0,2298.0,0.08,-540.0,30.0,Mid Cap
011280,태림포장,Unknown,129999705840,1836.0,35733.0,0.63,-12.0,25.23,Mid Cap
120030,조선선재,Unknown,129412287900,102900.0,3102.0,0.39,-100.0,33.55,Mid Cap
267850,아시아나IDT,Unknown,128760000000,11600.0,2459.0,0.51,20.0,34.67,Mid Cap
089470,HDC현대EP,Unknown,129354500000,4055.0,30811.0,0.84,0.0,48.53,Mid Cap
248170,샘표식품,Unknown,128140422300,28050.0,49107.0,0.48,1100.0,77.36,Mid Cap
058850,KTcs,Unknown,127841575000,2995.0,260420.0,0.17,-85.0,49.06,Mid Cap
001020,페이퍼코리아,Unknown,127258068795,715.0,17345.0,1.07,4.0,39.02,Mid Cap
005960,동부건설,Unknown,127353979650,5550.0,29070.0,0.58,-20.0,21.35,Mid Cap
012610,경인양행,Unknown,125889504125,3025.0,61289.0,1.08,105.0,52.27,Mid Cap
011330,유니켐,Unknown,126587437280,1360.0,327894.0,1.24,-14.0,14.96,Mid Cap
010100,한국무브넥스,Unknown,126064738800,4140.0,176611.0,0.76,235.0,45.56,Mid Cap
317400,자이에스앤디,Unknown,124297976600,3205.0,43301.0,1.1,-25.0,20.9,Mid Cap
017370,우신시스템,Unknown,125634410440,6860.0,19255.0,0.37,160.0,31.43,Mid Cap
000105,유한양행우,Unknown,123880606000,104900.0,3158.0,0.78,-600.0,34.17,Mid Cap
007210,벽산,Unknown,123222980000,1843.0,114351.0,0.47,-33.0,23.46,Mid Cap
063160,종근당바이오,Unknown,121788356400,22200.0,10659.0,0.46,-550.0,32.41,Mid Cap
015590,DKME,Unknown,122045495160,515.0,0.0,,0.0,,Mid Cap
267290,경동도시가스,Unknown,120855823000,20500.0,18821.0,1.77,300.0,48.0,Mid Cap
004310,현대약품,Unknown,121280000000,3790.0,74994.0,0.27,5.0,29.91,Mid Cap
101140,인바이오젠,Unknown,122639877360,12210.0,3141.0,0.23,-190.0,51.67,Mid Cap
013520,화승코퍼레이션,Unknown,120873773580,2415.0,462202.0,1.64,330.0,78.72,Mid Cap
